Job Title, Company Name , Location , Salary , Type of Job
Python Developer Intern,Brimming Grace Capital Pvt Ltd,"Gurgaon, Haryana","₹17,330 - ₹70,269 a month",Full-time
Trainee Python Developer,Harmony Data Integration Technologies,"Remote in Mohali, Punjab",We are looking for Trainee Python developer with sound knowledge of writing and debugging python code.,Harmony Data Integration Technologies Pvt. Ltd.
Python Developer,Ascendeum Pvt Ltd,"Remote in Delhi, Delhi","₹8,00,001 - ₹15,00,001 a year",Full-time
Python Developer,PWS Information Technology,"Lucknow, Uttar Pradesh",Full-time,Good grasp of Web Frameworks.
Python Developer,WebKul SoftWare Private Limited3.3,"Noida, Uttar Pradesh","₹2,50,000 - ₹5,00,000 a year",Full-time
Python Developer Intern,INKRONIX,"New Delhi, Delhi",+1 location,"From ₹12,000 a month"
Python Developer,Mercedes-Benz Research and Development India...4.0,"Bengaluru, Karnataka",Min 1yrs of hands on experience working with data pipelines.,Experience working with ETL tool such as Airflow.
Python Developer,Mansa Infotech Pvt Ltd3.5,Remote,Regular / Permanent,+1
Python Developer,Sacumen,"Bengaluru, Karnataka","₹4,00,000 - ₹8,00,000 a year",Full-time
Python Developer,Allied Globetech3.0,"Navi Mumbai, Maharashtra","Strong technical proficiency,capable of problem solving and applying critical thinking.",Posted
Python/Django Developer,Logic Plum,"Remote in Thiruvananthapuram, Kerala","₹1,80,000 - ₹2,40,000 a year",Regular / Permanent
Python/Django Developer,SmileBots,Temporarily Remote,"₹15,000 - ₹35,000 a month",Fresher
Software Developer,United We Care,"Remote in Gurgaon, Haryana","₹9,856 - ₹43,187 a month",Fresher
Sr. Python Developer,Brimming Grace Capital Pvt Ltd,"Gurgaon, Haryana","₹2,98,633 - ₹13,02,597 a year",Fresher
Python Developer,APT Portfolio,"Delhi, Delhi","₹20,21,063 - ₹33,00,693 a year",Full-time
Python Developer,APT Portfolio,"Delhi, Delhi","₹20,21,063 - ₹33,00,693 a year",Full-time
Python/Django Developer,Altro Smart Inc.,"Remote in Pune, Maharashtra","₹4,00,000 - ₹12,00,000 a year",Regular / Permanent
Tableau Developer,Barclays3.9,"Delhi, Delhi",+1 location,Regular / Permanent
Experienced Python Developer,TechnoDreams Advanced Systems Pvt Ltd,"Bengaluru, Karnataka","₹6,00,000 - ₹10,00,000 a year",Full-time
Python Developer Intern,Pegasus Consulting,"Temporarily Remote in Bengaluru, Karnataka",Fresher,+2
Senior Python Developer,Ankr Health,Remote,Full-time,Flexible shift
Python Developer with AWS,InKnowTech Private Limited3.6,"Mumbai, Maharashtra","₹2,94,818 - ₹13,74,638 a year",Regular / Permanent
Python Full stack developer,"JPMorgan Chase Bank, N.A.3.9","Bengaluru, Karnataka",Regular / Permanent,+1
Junior Python/Django Developer,GetDefault,"Remote in Delhi, Delhi","From ₹12,00,000 a year",Regular / Permanent
Senior Python Developer,TTM Technologies Private Limited,"Temporarily Remote in Hyderabad, Telangana","₹3,32,847 - ₹14,37,674 a year",Full-time
Python Developer,Rigel Networks3.5,"Bengaluru, Karnataka","Up to ₹75,000 a month",Regular / Permanent
Python Developer,Relu Consultancy,Remote,"₹2,00,000 - ₹4,00,000 a year",Regular / Permanent
Python Developer,Unijob Solution & Training Pvt Ltd,"Pune, Maharashtra","₹25,000 - ₹30,000 a month",Fresher
Python Developer,Ashra Technologies Private Limited,"Remote in Pune, Maharashtra",Regular / Permanent,+1
Python/Django Developer,SYNKRAMA TECHNOLOGIES PRIVATE LIMITED,"Pune, Maharashtra","₹3,00,000 - ₹11,04,801 a year",Full-time
Python Developer,"JPMorgan Chase Bank, N.A.3.9","Bengaluru, Karnataka",Regular / Permanent,+1
Python Developer,Thanks Buddy,"Hyderabad, Telangana","₹10,00,000 - ₹30,00,000 a year",Regular / Permanent
Python Developer,UVA Consultancy,"Lucknow, Uttar Pradesh","₹30,000 - ₹35,000 a month",Full-time
python fullstack developer,medeaz health systems,"Hyderabad, Telangana","₹3,35,748 - ₹14,06,345 a year",Full-time
Python Developer,"TechO2 India Pvt. Ltd.,","Remote in Hyderabad, Telangana","₹3,00,000 - ₹6,50,000 a year",Full-time
Python Developer,Logicloop Ventures,"Remote in Mumbai, Maharashtra","₹8,48,518 - ₹10,75,242 a year",Regular / Permanent
Python Developer,Enerpact solution Pvt Ltd2.5,"Remote in Bengaluru, Karnataka","₹1,00,000 - ₹2,00,000 a year",Full-time
Senior Python Developer,Cosmonet Solution,"Bengaluru, Karnataka","₹9,00,000 - ₹20,00,000 a year",Regular / Permanent
Python/Django Developer,Paccore Software,"Hyderabad, Telangana","₹6,00,000 - ₹18,00,000 a year",Regular / Permanent
Backend Developer – Python/Django (L1 /L2),HiRePro Consulting Pvt Ltd3.9,"Remote in Bengaluru, Karnataka","₹16,00,000 - ₹22,00,000 a year",Full-time
Python Full Stack Developer,Systems Plus Transformations,"Pune, Maharashtra","₹10,00,000 - ₹15,00,000 a year",Full-time
Python/Backend Developer,LBS,"Remote in Bengaluru, Karnataka","₹50,000 - ₹80,000 a month",Regular / Permanent
Python Developer,LT Technology Services4.0,"Hyderabad, Telangana","Good understanding of OOPS, Python Core, Data Strauctures.",Knowledge of Linux & Embedded Background is preferred.
Python/Django Developer,GetDefault,"Remote in Delhi, Delhi","From ₹12,00,000 a year",Regular / Permanent
Python Developer,iquest Management,"Delhi, Delhi","Up to ₹15,00,000 a year",Full-time
API Python Developer,Epos,"Hyderabad, Telangana","₹3,35,973 - ₹14,49,410 a year",Regular / Permanent
Python (Django/Flask) Developer,Marktine Technology Solutions,Remote,"₹15,00,000 - ₹20,00,000 a year",Full-time
Python Developer,Agriitex,"Hyderabad, Telangana",Full-time,Candidates should be trained in python scripting.
Python Developer,uTrade Solutions Pvt Ltd3.2,"Remote in Mohali, Punjab","₹5,00,000 - ₹15,00,000 a year",Full-time
Python Developer,Swayam Infologic Pvt Ltd.,"Hyderabad, Telangana","₹3,00,000 - ₹10,00,000 a year",Full-time
Python Developer,MedTourEasy,"Delhi, Delhi","₹6,80,000 - ₹8,90,000 a year",Full-time
Python Backend Programmer,SAS ONE Pvt. Ltd.,"Remote in Lucknow, Uttar Pradesh","₹16,000 - ₹25,000 a month",Full-time
Python Developer,Tantransh Solutions4.5,"Remote in Nagpur, Maharashtra","₹10,000 - ₹15,000 a month",Regular / Permanent
Python Developer,Turnera Tech Private Limited,"Pune, Maharashtra","₹1,74,306 - ₹5,00,000 a year",Regular / Permanent
Python Developer,Altos Technologies,"Kochi, Kerala","₹15,000 - ₹20,000 a month",Regular / Permanent
Freshers Python Developer,Enthuons,"Gautam Budh Nagar, Uttar Pradesh",Fresher,+1
"ADAS - AI/ML, Python Developer, Algorithm Evaluation (FE)",Mercedes-Benz Research and Development India...4.0,"Bengaluru, Karnataka",Strong Understanding of Object oriented programming in python and cpp.,Responsible to propose the solutions and drive them to logical conclusions.
Python/Django Developer,oCode Technologies,"Sahibzada Ajit Singh Nagar, Punjab","₹20,000 - ₹40,000 a month",Regular / Permanent
Python Developer,Yellow Sapphire Technologies,"Remote in Delhi, Delhi","From ₹5,00,000 a year",Part-time
Sr. Python Developer,Siemens4.0,"Bengaluru, Karnataka",Full-time,"Before our software developers write even a single line of code, they have to understand what drives our customers."
Python Developer,WORKSMAN,"New Delhi, Delhi","₹1,00,000 - ₹1,50,000 a month",Full-time
Python API developer cum Analytics engineer,KPISOFT Technologies Private Limited2.9,"Malleswaram, Karnataka","₹75,001 - ₹2,00,000 a month",Full-time
Python and Powershell developer,UST3.7,"Kochi, Kerala",Full-time,The ideal candidate should have experience • Using a scripting language like python and powershell: • Able to create scripts that will automatically ingest data…
Python Developer,BIT MONK SOFTWARE,Remote,Part-time,+1
Python Plotly Developer,Deven InfoTech Pvt. Ltd.3.3,"Remote in Pune, Maharashtra","₹1,80,000 - ₹3,00,000 a year",Regular / Permanent
Python Developer Intern,SkillBit HR Services,"Remote in Pune, Maharashtra",Fresher,+2
Python Developer,ART OF LIVING HUMAN RESOURCES4.5,"Remote in Bengaluru, Karnataka","₹8,00,000 - ₹18,00,000 a year",Regular / Permanent
Python Developer - Mumbai,EY4.0,"Mumbai, Maharashtra",Years of experience - 8-14.,Core Python Developer to write small scripts or execute minor integration/reporting logic.
Senior Software Developer,Oracle3.8,India,+3 locations,Provide technical leadership to other software developers.
Python Developer / Lead,https://www.pyxtech.com/,"Remote in Pune, Maharashtra","₹10,00,000 - ₹30,00,000 a year",Regular / Permanent
Python Developer,UST3.7,"Bengaluru, Karnataka",Full-time,Minimum 5+ Years of experience in development.
Python Developer,Siemens4.0,"Bengaluru, Karnataka",Full-time,"Provide implementation and design to develop a modular application to run on Industrial Edge, using python."
Python/AWS Developer,Futops Technologies India Pvt. Ltd.,"Pune, Maharashtra","Up to ₹6,00,000 a year",Fresher
Python Developer,Global Weconnect Technologies Pvt Ltd,"Bengaluru, Karnataka","₹3,59,121 - ₹15,23,847 a year",Full-time
Python Developer,Agrotech risk pvt ltd.,"Noida, Uttar Pradesh","₹6,00,000 - ₹8,00,000 a year",Full-time
